Date,_0111101,_0111102,_0111201,_0111202,_0111203,_0111301,_0111302,_0111303,_0111304,_0111305,_0111306,_0111401,_0111402,_0111501,_0111502,_0111503,_0112101,_0112201,_0112202,_0112203,_0112401,_0112402,_0112501,_0112502,_0112503,_0112504,_0112505,_0112506,_0113101,_0113201,_0113301,_0113401,_0114101,_0114201,_0114301,_0114302,_0114501,_0114502,_0114503,_0114504,_0114601,_0114701,_0114801,_0115101,_0115301,_0116101,_0116102,_0116103,_0116104,_0116105,_0116106,_0116201,_0116202,_0116301,_0116302,_0116401,_0116501,_0116502,_0116503,_0117101,_0117102,_0117103,_0117104,_0117105,_0117106,_0117107,_0117108,_0117109,_0117201,_0117202,_0117203,_0117204,_0117205,_0117301,_0117401,_0117402,_0117403,_0117404,_0117405,_0117501,_0117601,_0117602,_0117603,_0117901,_0118101,_0118301,_0118501,_0118601,_0118901,_0119101,_0119201,_0119301,_0119302,_0119303,_0119304,_0119305,_0119306,_0119401,_0119901,_0119902,_0119903,_0119904,_0121001,_0121002,_0122001,_0122002,_0123001,_0125001,_0126001,_0129001,_0130001,_0211001,_0211002,_0213001,_0230101,_0311001,_0312101,_0312102,_0312103,_0312104,_0312105,_0312106,_0312107,_0312108,_0312109,_0312110,_0312111,_0312112,_0312201,_0312202,_0312203,_0312204,_0312205,_0312206,_0312207,_0312208,_0312301,_0312302,_0312303,_0312304,_0312305,_0312306,_0312307,_0312308,_0312309,_0312310,_0312311,_0312312,_0312401,_0312402,_0312403,_0312404,_0312405,_0312406,_0312407,_0312501,_0312502,_0312503,_0312504,_0312601,_0313101,_0313102,_0313201,_0314101,_0321101,_0321102,_0321103,_0321104,_0321105,_0321201,_0321202,_0321203,_0321204,_0321205,_0321206,_0321301,_0321302,_0321303,_0411101,_0431101,_0431102,_0431103,_0431104,_0431105,_0431106,_0431107,_0431108,_0431109,_0432101,_0432102,_0441101,_0441201,_0442001,_0451001,_0452201,_0454101,_0454201,_0454202,_0511101,_0511102,_0511103,_0511104,_0511401,_0521101,_0521201,_0521202,_0521301,_0521302,_0531101,_0531102,_0531103,_0531201,_0532101,_0532901,_0540101,_0540301,_0540302,_0540303,_0540304,_0551001,_0552101,_0552201,_0561101,_0561102,_0561103,_0561104,_0561105,_0561106,_0561107,_0561108,_0561901,_0561902,_0561903,_0561904,_0561905,_0561906,_0561907,_0561908,_0562101,_0611101,_0611102,_0611103,_0611104,_0611105,_0611106,_0611107,_0611108,_0611109,_0611110,_0611111,_0611112,_0611113,_0611114,_0611115,_0611116,_0611117,_0611118,_0611119,_0611120,_0611121,_0611122,_0611123,_0611124,_0611125,_0611201,_0612201,_0612301,_0612302,_0613101,_0613301,_0621901,_0621902,_0621903,_0621904,_0621905,_0621906,_0621907,_0621908,_0621909,_0622101,_0622901,_0622902,_0622903,_0622904,_0622905,_0631001,_0631002,_0631003,_0631004,_0631005,_0641101,_0641102,_0641201,_0641202,_0641203,_0641204,_0641205,_0711101,_0711102,_0711103,_0712001,_0713001,_0721101,_0721201,_0721202,_0721203,_0722101,_0722201,_0722401,_0722402,_0723101,_0723102,_0723103,_0723104,_0723105,_0723106,_0724101,_0724102,_0724301,_0724302,_0732101,_0732102,_0732103,_0732201,_0732202,_0732301,_0732901,_0733201,_0741201,_0812001,_0813101,_0813102,_0813201,_0814001,_0814002,_0819201,_0831001,_0832001,_0832002,_0833001,_0834001,_0835001,_0839201,_0839202,_0921101,_0921201,_0921202,_0921203,_0922101,_0931201,_0931202,_0932101,_0932102,_0945001,_0946201,_0946202,_0961001,_0971101,_0971901,_0971902,_0972101,_0974001,_0974002,_0974003,_0974004,_0974005,_0974006,_0974007,_0974008,_0980001,_1010101,_1010201,_1020001,_1020002,_1020003,_1040001,_1050101,_1050901,_1050902,_1050903,_1111101,_1111102,_1111103,_1111104,_1111105,_1111106,_1111107,_1111108,_1111201,_1111202,_1111203,_1111204,_1111205,_1111206,_1111207,_1111208,_1111209,_1111210,_1111211,_1120101,_1211001,_1212001,_1214101,_1221001,_1229901,_1311101,_1312001,_1312002,_1312003,_1312004,_1312005,_1312006,_1312007,_1312008,_1312009,_1312010,_1312011,_1312012,_1312013,_1313101,_1313102,_1313103,_1313104,_1313105,_1313201,_1321101,_1321102,_1321103,_1321104,_1329101,_1329102,_1329103,_1390901,_1390902,_1390903,_1390904,_1390905
2023-12-01,100,100,100,100,100,100,100,100,100,100,100,100,100,100,100,100,100,100,100,100,100,100,100,100,100,100,100,100,100,100,100,100,100,100,100,100,100,100,100,100,100,100,100,100,100,100,100,100,100,100,100,100,100,100,100,100,100,100,100,100,100,100,100,100,100,100,100,100,100,100,100,100,100,100,100,100,100,100,100,100,100,100,100,100,100,100,100,100,100,100,100,100,100,100,100,100,100,100,100,100,100,100,100,100,100,100,100,100,100,100,100,100,100,100,100,100,100,100,100,100,100,100,100,100,100,100,100,100,100,100,100,100,100,100,100,100,100,100,100,100,100,100,100,100,100,100,100,100,100,100,100,100,100,100,100,100,100,100,100,100,100,100,100,100,100,100,100,100,100,100,100,100,100,100,100,100,100,100,100,100,100,100,100,100,100,100,100,100,100,100,100,100,100,100,100,100,100,100,100,100,100,100,100,100,100,100,100,100,100,100,100,100,100,100,100,100,100,100,100,100,100,100,100,100,100,100,100,100,100,100,100,100,100,100,100,100,100,100,100,100,100,100,100,100,100,100,100,100,100,100,100,100,100,100,100,100,100,100,100,100,100,100,100,100,100,100,100,100,100,100,100,100,100,100,100,100,100,100,100,100,100,100,100,100,100,100,100,100,100,100,100,100,100,100,100,100,100,100,100,100,100,100,100,100,100,100,100,100,100,100,100,100,100,100,100,100,100,100,100,100,100,100,100,100,100,100,100,100,100,100,100,100,100,100,100,100,100,100,100,100,100,100,100,100,100,100,100,100,100,100,100,100,100,100,100,100,100,100,100,100,100,100,100,100,100,100,100,100,100,100,100,100,100,100,100,100,100,100,100,100,100,100,100,100,100,100,100,100,100,100,100,100,100,100,100,100,100,100,100,100,100,100,100,100,100,100,100,100,100,100,100,100,100,100,100,100,100,100,100,100,100,100,100,100,100,100,100,100,100,100,100,100,100,100,100,100,100
2024-01-01,100.054381,99.958663,98.964196,100.390846,99.951303,99.13192,98.539735,99.773106,99.401837,100.887171,99.923232,99.800385,99.097123,100.269893,100.018619,99.778089,100,100.17165,101.035048,101.928289,100.0265,99.690977,99.539408,101.331752,99.446446,99.475965,100.281489,99.235728,100.923193,100,99.988278,99.507257,101.943614,101.060791,99.3352,100.07825,100.257205,99.607808,100.412236,100.21371,99.622763,99.560378,99.462774,100.161562,100.743825,99.081551,99.765265,102.277279,100,98.280183,100.448554,100.482992,100.029479,98.220297,100,98.84863,102.772999,99.58704,98.843536,102.462075,102.24367,98.199433,97.09346,99.932422,100.183928,99.971621,99.871609,100.18917,99.793203,101.357947,101.986722,97.672265,99.653146,101.639337,97.750824,100.684829,102.628307,99.541631,99.849248,97.571317,98.434532,99.151142,99.39845,100.432051,99.91,99.84126,100.049138,100.207504,100.060077,100.658149,99.412237,100.362157,100.36112,99.091581,100.452601,100.528691,100.635679,99.92804,99.549406,100.358704,100.122355,100,100.146089,99.628255,99.724667,99.630156,99.991276,100.170027,99.887545,99.565348,100.096266,99.651248,99.407841,100.016971,99.135724,100.27141,99.956312,100,99.802123,100.01284,99.928902,100,99.849776,100,100,100.121186,99.999644,99.565784,100,99.964651,99.978486,100,100.059231,100,99.938674,100.011786,99.917812,100.071363,100.967085,99.975137,99.709229,100.117375,100,99.884953,100,100.09865,99.83156,99.669721,100,99.789088,100.08625,100,100,100,99.813217,100.268981,100,100,100.524558,100.321905,100.172071,100,100,100.177527,100,100.324338,100,99.998402,100,100.179417,99.432479,100.013506,100,100,100.043057,100,99.934422,100,100.057099,100.405681,100.126814,100,99.770131,99.989665,100,100,100,100,99.667718,100,100,100,101.678658,100.018443,94.297653,100.364272,99.9414,100,100.108922,100.018443,100.001593,99.904872,100,100,100,100,100,100.027657,99.933375,100.081751,98.974313,99.812171,99.647903,100.280763,99.950908,99.655381,100.208383,100.411954,100,100,100.631884,99.886671,100.001973,99.275179,99.333752,100.162484,99.777604,100.300634,100.455627,99.814015,99.847635,99.608449,100.385175,98.958414,100.034514,100,99.816855,99.808892,100.310862,100.201266,100,100,99.716512,100,99.998234,100,99.986243,99.967223,100.116485,99.937102,99.986061,100,100.075408,99.996592,100,99.996574,99.687831,100,100,100,99.990272,100,100,100,100,100,100,100,100,100,100.48468,100,100.060978,100,100,100,100,100,100,99.980082,100,100.024573,100.036371,100,100,100,100,100,100,100,99.893337,100,100.19042,100.204786,99.804132,100.000156,100,100.106825,99.995548,100.024768,100.026649,99.998935,99.909752,99.780395,100.129079,100,98.341816,102.106728,100.098325,99.890859,100.258377,100.13633,99.99875,99.754024,100,100,101.396182,100,100,100,100,100.025385,100,100.376116,100,101.71003,99.938391,98.261589,99.9929,100.098717,100,100,99.92909,100.170512,99.721532,99.975611,100,100,100,99.326312,100.933484,100,100.366354,100,99.900033,99.49392,100.022594,100,100,100,100,100,99.871999,100,99.982927,100.206313,100.023365,100,100.136585,99.915479,100.341056,100,100.351298,100,99.876908,100,100.128848,100.009549,99.862014,100,100.733211,100.16043,100.540795,100,100,100,100,100,100,100,100.244784,100,100.069784,100,100.185906,100,100,100,100.215686,100,99.961219,100.424436,100.204671,101.002931,99.975262,100.131686,100,100,100,100,100,100,100,100,100,100,100.513377,99.506847,100.062883,99.7997,100.194208,100.3889,99.750695,99.404945,100.362514,99.550754,99.633901,99.920886,100,99.966169,100.053969,100.240531,100.359045,100,100,100.22883,100,100,99.834457,100,100,100,100,100.107068,100,100,100
2024-02-01,99.976585,96.044842,96.301234,100.564587,99.505196,98.838491,98.35335,99.695845,99.036422,100.503892,100.148766,98.910044,99.674387,100.040783,99.151105,100.265272,100,100.649729,100.82721,101.065295,98.158786,100.070962,99.535886,101.882541,100.07985,100.092513,100.484575,100.711641,102.096507,100,99.535794,98.720187,99.738146,104.900179,99.973802,103.056881,100.910045,100.012172,101.218184,101.508563,99.732363,99.680065,97.036861,102.282305,100.878167,101.866658,102.073013,102.663329,99.780755,96.991783,101.689912,108.775123,105.981505,100.405121,100,98.650566,105.122389,98.385937,100.085903,109.182105,99.68681,95.945519,91.263575,98.925905,99.395199,102.607771,103.066868,100.34276,95.783951,102.850928,96.345686,102.592225,101.03729,105.850105,98.007591,102.04575,113.396304,97.997755,100.574746,97.339533,99.064215,98.159227,99.812213,99.919338,99.767587,98.331522,100.280197,100.805077,100.416371,100.271022,101.509244,101.17526,100.463948,98.18884,101.131588,100.058561,100.650311,100.259573,99.168121,100.292936,100.258078,100,100.256998,99.556691,99.76251,99.618485,100.169746,101.1125,100.074146,102.672767,99.533827,99.517059,94.492203,99.643206,99.385759,100.415889,99.956312,100,99.994752,99.881374,100.360804,100,100.439186,100,100,100.510166,100.85352,100.195109,100.02829,100.584486,99.783888,100,99.995029,100,100.531326,99.743433,99.978632,100.208087,100.967085,100.139376,99.863879,100.549661,100,100.005309,100,100.09865,99.750286,99.855639,100,99.692376,100.174915,100,100,100,99.176113,100.25405,99.688343,100.061181,101.222079,100.899582,100.172071,100,100,100.177527,100,100.499077,102.226945,101.315476,100,101.143549,99.799389,100.013506,100,100,99.47685,100,100.743043,98.447208,100.297022,100.624298,100.176194,100.015231,99.770131,99.96965,99.937813,100,100,100,99.667718,100,100,100,103.907322,98.97754,93.945183,102.024339,100.447818,100.320232,100.00566,99.702275,99.959503,99.998661,100,100,100,100,100,99.673203,98.96651,99.84224,98.158772,99.232313,99.695151,99.921227,100.44585,100.994883,100.914411,100.009745,100.888701,100,100.470686,100.437962,100.323395,98.95866,98.41102,100.684747,99.819105,99.972063,100.330004,101.086007,98.222454,100.421459,99.637466,99.024062,99.557704,99.959215,99.890833,99.336314,100.637337,100.079685,100,100,99.955856,100,100.258984,100,99.986243,99.966934,99.613742,99.937102,100.178284,100.216613,100.426567,99.996592,100,100.114818,99.82839,100,100,100.007845,99.990272,100,100.381812,100,100,100,100,100,100,100,100.41102,100.217287,100.060978,100,100,100,100,100,100,100.051713,100,100.159722,99.651424,100.546017,100,100,100,100,100,100,100.047121,100,100.427532,100.110949,99.804132,100.000095,100,100.099623,99.203367,101.470358,100.028814,100.045579,100.379373,99.855778,100.110829,100,102.923748,106.064585,100.92315,99.890859,101.14628,100.13633,99.99875,99.932936,100,100,101.105333,100,100,100,100,99.852758,100,101.380743,100.39355,101.71003,101.108532,89.692288,99.831327,100.646928,100.456997,100,99.934104,100.30029,99.567841,99.975611,100.633477,100,100,99.326312,100.933484,99.74964,100.358862,100,99.685383,99.700032,100.791885,100,100,99.368432,100,100,99.573813,100.834141,99.853077,100.206313,99.595305,100,100.186191,100.898154,100.341056,100.006438,100.858584,101.063281,99.813547,99.929249,99.785689,100.527181,99.325927,100,101.109413,100.810143,101.055623,100,100,100,100,100,99.81478,100,101.230725,100,100.420955,100,100.5189,100.468733,101.84982,100,100.06425,100,99.950402,101.96487,101.367546,101.809678,99.939033,100.103276,100.905323,100,100,100.688322,100,100,100,100.10078,100,100.377862,99.733328,99.106746,100.415675,98.28706,100.223222,100.526004,98.959395,99.624204,100.680376,99.002881,99.749498,100.11935,100.066612,100.275596,100.801222,100.370288,100.359045,100,100.126056,100.360768,100,100,99.913161,100,100,100,100,100.861435,100,100,100
2024-03-01,101.679318,96.468487,97.059628,100.755228,99.847446,98.837191,98.04023,100.135383,99.167605,100.822442,102.20988,98.829479,101.399654,100.518052,99.229322,100.436269,100,100.594999,100.513417,100.746376,97.783458,100.17733,99.375139,102.264818,100.391619,99.784735,100.559575,102.677583,101.98834,100,99.579596,97.708269,100.928181,104.038806,100.741579,101.15207,102.212169,100.366425,101.097383,101.724646,99.586428,99.20164,96.45071,102.18503,103.174377,100.335806,103.547344,103.213848,99.855685,97.089575,103.557309,137.743547,111.416316,98.207963,100,98.971805,107.480749,98.82674,97.570885,125.14066,104.431344,101.465007,88.65859,100.028166,100.172071,104.40994,100.283141,101.001694,93.7862,104.459742,90.759446,123.480358,104.504517,112.505668,98.237378,102.728709,110.319234,99.901229,103.016591,98.185879,98.882657,98.49818,100.099034,98.824308,100.302874,99.229177,99.887701,100.921172,100.717243,99.937588,102.177256,101.08318,100.350282,100.396237,101.611911,100.508561,99.765548,99.988485,101.093306,100.296551,100.096954,100,101.167915,100.221523,100.103453,99.568822,100.685834,101.420682,100.774662,101.64552,100.387749,99.096622,95.484498,99.511956,99.450752,100.415882,100.079672,100,99.982902,99.946117,100.807848,100,100.514971,100,100,100.09002,100.950334,100.36652,100.028291,100.613967,99.773945,100,99.905405,100,100.447791,99.743435,100.058898,100.330919,100.967083,100.233404,99.749985,100.60104,100,100.20118,100,100.122417,99.846771,99.85564,99.969287,99.805261,100.529184,100,100,100,99.176113,100.254049,99.688324,100.057402,101.870977,100.969414,100.305343,100,100,100.716767,100.514595,100.539322,102.226945,101.452041,99.887682,101.185091,99.685137,99.957153,99.721416,99.974047,99.402988,100,100.77058,99.150305,100.313528,100.694515,100.629294,100.015231,99.770135,99.698694,99.937812,100,99.794894,100,100.266146,100,100.39,100,103.907323,98.915489,93.911172,101.859703,100.448405,100.135153,99.803832,99.733621,100.049526,100.087286,100,100,99.887461,100,101.232994,99.673205,99.08696,100.20099,98.045371,100.290736,99.580271,99.85103,100.413595,100.994885,100.914411,99.94294,100.888704,100,100.519762,100.139606,100.254548,98.937145,98.440485,100.676328,99.525015,100.244084,100.370746,101.421008,98.742875,100.675559,99.367757,99.003937,99.456101,99.831011,99.884934,99.336316,100.699806,100.051383,100,100,100.096574,100.296631,100.43217,100,99.986243,99.763439,99.629196,99.925598,100.53055,100.229982,100.597928,99.996592,100,100.075812,99.828389,100.114483,100,100.193641,99.990272,100,100.381816,100,100,100,100,100.057254,100.097358,99.994678,100.684759,100.285313,100.060978,100,100,99.254832,100,100,100,100.191755,99.726307,100.159722,99.651423,100.546024,100,100,100,100,100,100,100.047121,100,100.657983,100.366964,100.106493,100.050044,100,100.804362,99.203367,101.15383,99.502788,100.264963,100.298399,99.848007,100.14541,100,101.213634,111.457839,100.847376,98.952164,102.194169,100.321166,100.176673,99.88149,100,100,101.105341,100,100,100,100,99.852219,100,101.923636,100.39355,101.710022,101.108509,112.623706,100.242332,100.833461,100.456998,99.547921,101.83826,100.747603,99.56784,99.975611,100.633468,100,100,99.326312,100.933483,99.749646,100.818399,100,99.678356,99.951897,100.791889,100,100,98.960545,100,99.876238,99.768309,100.834144,99.853077,100.335285,99.595305,99.938639,100.907896,101.134438,100.341054,100.066627,101.976168,101.06327,99.772907,99.885592,99.677364,100.53309,99.497564,103.596879,101.167531,101.014016,101.029641,100,100,100,100,103.097969,99.805891,100,101.323752,100,100.730231,99.959905,100.763756,100.468733,102.774737,100,100.17215,100,100.186808,101.993031,102.117806,102.014263,100.515689,100.186172,100.905334,101.021106,100,103.956678,100,100,100,105.596509,100.904393,100.377861,99.342284,99.003173,100.169047,97.243621,100.16136,99.774396,98.265987,99.699407,100.774206,100.338931,100.73644,100.12659,100.048256,100.629461,101.417891,100.753844,100.359044,100,100.146918,100.33597,100,100,100.01286,100,100,100,100,101.20809,100,100,100
2024-04-01,102.097215,98.8244676,98.1470942,101.187388,100.787787,98.5646402,97.9744878,100.640488,99.0365385,100.135758,102.586125,99.6862017,101.861501,100.725081,99.4925772,99.8612144,100,100.412986,100.609356,100.576112,97.9558779,100.015782,98.7520152,102.033724,99.8208525,98.826397,99.5657884,102.50492,102.332752,100,99.1912097,96.453824,101.670334,103.965702,101.103389,100.72308,101.974852,97.3258255,101.46422,101.539841,100.972404,99.5328396,94.9155235,102.255139,103.405908,106.836507,102.051462,104.800961,100.164071,100.866442,107.229136,158.520056,117.389733,100.34861,100,101.073175,107.425743,98.6880312,98.6870778,140.340293,109.199246,119.338385,87.495713,99.9296307,101.718032,104.985914,106.023051,100.268965,92.7208466,104.580124,84.0190285,145.02502,105.628918,105.249365,101.694094,101.990215,96.8903053,99.7995519,103.629578,106.230324,99.7320743,98.8562093,100.418827,100.2429,100.515387,99.6243293,100.166269,101.259844,100.780186,100.144122,102.24187,101.01894,100.571689,100.57927,102.035361,102.95179,100.125771,99.7717225,101.031701,100.220039,99.6091852,100,101.597871,100.679552,100.258072,99.3040876,100.849802,101.860876,100.995582,100.926391,100.673214,99.0654611,95.8393506,99.5356996,99.8958696,100.39064,100.026884,100,100.092948,99.888814,101.112312,100,100.390398,100,100,100.203463,101.213139,100.393313,100.028291,100.613967,99.7803345,100,100.052912,100,100.319749,99.7021622,101.182125,100.485151,100.989307,100.349412,99.7035157,100.60104,100,100.181481,100,100.133456,99.8422479,99.8804553,99.9692871,100.105808,100.520443,100,100,100,99.179036,100.176564,99.688324,100.057402,101.903458,101.136365,100.543669,99.5326583,100,102.370951,100.514595,100.876075,102.226945,101.452041,99.8876823,101.964504,99.7539636,99.9571525,99.721416,99.9740468,99.4282015,100,100.834798,99.1503049,100.404881,100.78366,100.7011,100.015231,99.9266407,99.4553686,99.8164241,100,99.9098159,100.121174,100.826451,100.019043,100.42231,100,104.461318,98.9156072,93.9111715,102.169272,101.157325,100.119061,99.8706124,99.9565413,100.229997,100.373593,100,100.303507,99.9814756,100,101.187617,99.6670626,98.952469,100.521215,98.524989,100.215761,99.5498757,101.631396,100.367209,100.994885,101.446618,100.768329,100.758511,100,100.535369,100.110811,100.689247,98.5216617,98.4860479,100.499619,99.8868234,100.347404,100.539618,101.756217,99.2958232,100.879946,99.4559582,99.2579179,99.456101,99.4910326,99.8882654,100.346826,100.699806,99.7407413,100.021509,100.287097,100.18926,100.297412,100.274934,98.063056,99.9862432,99.76326,99.500881,99.9252564,100.61341,100.39437,100.76808,99.9973911,100.483767,99.9632228,99.9644461,100.114483,100,100.359064,99.9902724,100,100.381816,100,100,100,100,100.231658,100.21561,99.9946778,100.768906,100.48075,100.060978,100,100,99.2548317,100.163949,100,100,100.315811,99.7263067,100.35678,99.6514231,100.546024,100,100,100,100,100,100,100.047121,100,100.592557,100.366964,100.114529,99.900231,100,101.395842,98.7355394,100.736585,99.2484276,100.491685,100.207657,100.011295,100.131642,100,100.961015,117.068966,100.820922,99.0651858,102.484868,101.192984,100.45107,100.204835,100,100,101.105341,100.16303,100,100,100,99.9381535,100,103.484186,100.39355,101.710022,101.108509,101.193368,100.233498,100.913817,100.449127,99.5479206,102.305888,100.559297,99.6473824,99.975611,100.633468,100,100.454889,99.4713795,100.307276,99.7496456,100.52715,100,99.4177028,99.9305221,100.663017,100,100,98.9452334,100,99.8762376,99.4585373,100.816848,100.002848,100.335285,99.5953054,100.460929,100.830665,101.134438,100.341054,100.066627,102.504464,101.821721,99.8757192,99.8786048,99.5967687,100.382394,99.7802253,103.596879,101.168612,101.014016,101.060578,100,100,100,100,103.097969,99.8058905,100,101.288199,100,100.812089,99.9599045,101.118976,100.99396,102.774737,100,100.210743,100.142331,100.173864,102.083592,102.413418,102.275333,100.661685,100.364236,100.905334,101.021106,100,103.898304,100,100,100,105.400206,100.904393,100.377861,99.8411364,99.3286634,100.282373,97.7523836,101.212776,99.7819519,98.1501549,99.3110784,100.183955,100.679486,101.423046,100.146044,100.021896,100.889256,101.662513,100.938097,100.359044,100,100.289312,100.589468,100,100,100.071717,100,100,100,100,101.20809,100,100,100
2024-05-01,102.858222,98.6501957,97.482569,101.178224,100.813886,98.7358829,97.8370725,101.051138,99.3776711,100.220565,102.358671,100.195637,101.185154,100.789403,99.2165101,98.0847991,100,100.470508,101.023999,100.941983,98.305363,100.378336,98.8803018,103.023604,100.401467,98.8884546,99.5563657,102.802253,101.811389,100.136924,99.0992653,96.2847576,101.358265,103.154444,101.167862,100.968329,102.378201,98.4637416,101.344434,101.278772,100.546033,99.6314537,94.4610499,102.144632,101.841482,111.962697,102.645374,101.719751,87.2697484,100.981974,111.014475,148.416114,121.192279,99.4494784,100.483423,102.555605,106.657954,100.661188,97.5843652,150.03853,113.015673,123.720959,96.5742641,101.178855,103.431297,105.318433,106.228835,101.154064,91.7664111,99.7095559,86.1865516,169.357603,108.548296,105.619078,103.633768,106.005666,89.3514335,100.301187,107.382157,124.058349,101.196371,99.9135741,100.286954,102.809757,100.789795,98.7694478,99.9208454,101.623711,101.009432,99.3428924,102.718207,100.91987,100.765711,100.65261,102.30053,103.581752,100.107947,99.901864,101.377788,100.056525,99.5179582,100.729292,101.508544,100.654132,99.8644686,99.6961952,100.976795,101.967928,100.820614,100.999885,100.673214,98.8586763,93.294844,99.7425667,100.185957,100.42818,100.036592,100,100.035208,100.074944,101.582755,100,100.577916,100,100,100.373059,101.16455,100.520927,100.028291,100.888001,99.9550597,100,100.660967,100,100.434269,101.039588,101.110337,100.543982,100.900865,100.341629,99.6794245,100.645468,100,100.181481,100,100.611818,99.9369164,100.048657,99.9692871,100.105808,99.9089785,100,100,100,99.076775,100.735389,99.688324,100.057402,101.774191,100.990206,100.719595,99.5326583,100,103.139288,100.514595,101.383484,101.922229,101.452041,99.8876823,101.978528,99.8395871,99.9571525,100.130321,99.9740468,99.6981549,100,100.896822,99.1503049,100.601711,100.861586,100.622737,100.175882,100.099491,99.1639657,99.6312999,100,99.9098159,100.121174,100.826451,100.019043,103.810935,100,104.960982,98.5777399,93.9111715,101.101715,101.130777,100.119061,99.6885571,99.4877458,100.666984,100.240285,100,100.372718,100.059966,100,101.406117,99.6670626,98.4464884,100.015209,98.6801601,99.8552765,99.1907553,101.855019,100.450543,101.064217,101.182316,100.130052,100.941025,100,100.601194,100.227087,100.591341,98.398461,99.1534063,101.417124,99.8188115,100.847268,100.362834,101.514478,99.1002472,101.802885,100.271863,99.5408792,99.456101,99.5233867,99.8519544,100.273274,100.88201,99.8472545,100.083803,100.465054,100.352821,100.297412,100.274934,98.1556444,100.050967,99.9582077,99.6259918,99.9569677,100.890794,100.39437,100.983008,100.835049,100.96362,99.7900861,100.106116,100.114483,100,100.512427,99.9902724,100,100.381816,100,99.9131376,100,100,99.995398,100.21561,99.7629997,101.024478,102.46702,100.449581,100,100,99.2548317,100.163949,100,100.95669,100.294486,101.297889,100.512948,99.6514231,100.546024,100,100,100,100,100,100,100.501414,100,100.592557,100.900828,100.114529,99.9042695,100,100.919125,98.4704937,100.468573,99.1107525,100.388438,100.052314,100.423456,100.599253,100,96.095743,111.690018,100.717361,99.0086021,103.177284,101.361613,100.45107,100.204835,100.097507,100,101.151435,100.16303,100,100,100,99.9381535,100,104.365385,100.39355,101.710022,101.108509,83.9079639,100.199187,100.618936,100.676491,99.7416081,102.655594,100.074053,99.4821896,100.028177,100.633468,100,100.454889,99.4713795,100.089544,99.5675662,100.52715,100,99.1287166,99.0712192,100.841882,100,100,98.9452334,100,99.7983876,99.211082,101.573561,100.89345,100.335285,99.4405169,100.552413,101.71824,101.289733,100.341054,100.066627,102.303713,101.821721,100.18762,99.9864213,99.753852,100.393286,100.102286,103.596879,101.168612,101.014016,101.060578,100,100,100,100,103.097969,99.8058905,100,101.349547,100,101.271081,99.9442064,101.266074,101.088593,102.774737,100,100.296757,100.222595,100.141932,102.519051,102.570971,102.693017,100.761961,100.796009,100.905334,101.18939,100.123367,104.053877,100,100,100,104.418824,100.904393,103.082303,100.033112,99.4970409,100.405782,98.287342,100.535135,100.769077,97.6438983,100.844933,100.394026,101.227328,99.9550829,100.475502,100.042126,101.509282,101.872013,101.111886,100.359044,100,100.289312,100.84482,100.028179,100,100.261131,100,100,100,100,101.20809,100,100,100
2024-06-01,103.82381,98.0282586,97.1529173,101.08092,100.29984,98.4663964,98.1193213,101.406547,98.0714282,100.971286,101.96908,99.9781225,101.425292,100.407744,98.4878574,97.5406863,99.8378614,100.607923,101.608582,102.402138,101.419396,100.71752,100.304036,104.620515,101.519539,98.9805571,100.064173,104.568303,101.792762,97.3401696,99.7824356,95.961478,101.6745,101.887123,99.9679213,100.939205,102.565075,98.6537904,101.029046,102.441622,100.227314,99.9034229,93.4114239,102.36829,102.352219,124.594747,106.499469,100.043293,85.8914075,111.788941,113.042071,132.078971,123.145206,97.8307248,100.45824,104.510938,104.658555,108.936126,107.726955,169.093408,124.626544,133.857675,108.567848,99.7591437,104.346702,115.15672,109.555318,99.245447,92.9613305,98.9969147,93.6032405,164.483893,121.173664,117.650985,106.651297,109.3024,84.0743819,113.274441,109.682708,134.263319,101.461383,99.5310852,100.996776,103.157463,100.96807,98.3090688,101.238707,101.506017,100.986913,100.537926,103.214993,100.976526,101.080364,100.493488,102.640787,103.280293,99.689515,113.296389,100.974033,99.9046875,99.6734092,102.073137,101.030974,101.131497,100.013152,99.7760642,102.254968,103.026212,100.774899,102.183219,100.479094,98.8013367,95.1803335,99.6956898,100.114004,100.510225,99.3809694,100,100.158372,100.114932,101.782151,100,100.832261,100,100,101.244635,101.245422,100.648747,100.028291,100.870656,99.9920239,100,100.60837,100,100.434269,101.039588,101.109104,100.526113,100.893635,100.59208,99.7178966,101.290047,100,100.202097,100,101.143549,99.9369164,100.048657,99.9692871,100.185546,99.9089785,100,100,100,98.8735906,100.735389,99.688324,100.057402,101.966709,101.640583,100.765839,99.6064811,100,103.834561,100.514595,101.474501,101.922229,101.256601,99.8876823,101.926079,99.8358101,99.9881814,100.130321,99.9740468,99.8744232,100,101.134544,98.8445115,100.684383,100.907779,100.613148,100.011714,100.359803,98.9815053,99.5388426,100,99.5799246,100.121174,101.263569,100.03277,103.818806,100,104.960982,99.0373344,93.0179233,100.812905,101.281184,100.307627,99.969189,99.3030541,100.581845,100.53577,100,100.372718,100.059966,100,101.406117,99.6670626,98.4870685,99.3683157,99.0215953,99.6535089,99.3928611,102.457703,100.450543,101.064217,101.825878,100.763477,100.941025,100,100.920699,100.45431,100.35442,98.5265056,98.9741495,101.355757,99.9149088,100.297101,100.761339,102.222824,99.1959096,101.285705,100.389929,99.5745567,99.449674,100.168135,99.8033479,100.273274,101.376763,99.7059116,100.083803,100.465054,100.68324,100.325374,100.274441,98.1556444,100.050967,100.089652,99.635427,99.9470872,101.370813,100.371908,101.423557,100.835049,101.194297,100.068695,100.516393,100.244663,99.9985298,100.441693,99.9914906,100.540195,100.802719,100,99.9436132,100,100,100.133841,100.21561,99.7064791,101.262866,102.720625,100.187736,100,100,99.2548317,100.163949,100,100.95669,100.645866,101.297889,101.026832,99.6514231,100.546024,100,100,100,100,100,100,100.580182,100,101.399707,101.215989,101.277609,99.9013236,100,100.910363,98.1574405,100.183422,99.3353062,100.534978,100.09992,100.434303,100.64794,100,93.1613538,107.95715,100.589413,99.0794789,103.839991,101.990323,100.481855,100.459702,100.097507,100,101.151435,100.16303,100,100,100,99.9381535,100,105.094227,100.39355,101.710022,101.915801,94.8972266,100.200078,100.111397,100.787023,97.9322416,102.798617,99.9440157,99.5979501,100.028177,100.633468,100,101.128817,99.4713795,100.627376,99.5675662,100.453143,100,98.7570979,98.9934093,100.841882,100,100,99.1014135,100,99.7983876,99.5382253,101.789412,100.93467,100.485536,99.4190276,100.552413,101.60711,101.299967,100.341054,100.12367,102.633478,101.821721,99.6703519,99.9684634,99.8279781,100.585483,100.472725,103.596879,101.168612,101.014016,101.060578,100,100,100,100,103.063456,99.7006627,100,101.43747,100,101.462909,100.096173,101.459038,101.045834,102.774737,100,100.4465,100.533708,100.172543,102.843602,102.904041,103.7106,101.088968,101.344214,101.074256,101.18939,100.123367,104.055193,100,100,100,106.57786,101.355581,103.082303,100.792616,99.6598271,100.97119,99.2665482,100.389147,100.869783,97.3641758,100.756325,98.8007951,101.730604,99.3701376,100.576308,100.042126,101.840207,102.638394,101.012553,100.359044,100,100.386692,101.262339,100.028179,100,100.205655,99.9191401,100,100,100,100.909935,100,100,100
2024-07-01,104.7378,101.111575,99.4707055,101.268658,99.7572125,98.4298845,98.58174,100.942907,98.9563251,101.776598,101.439466,100.968942,103.17435,101.439237,98.9394977,96.1965913,99.1087668,100.466444,101.372361,102.794996,99.9679059,100.660183,100.58754,105.041778,102.06291,98.3752998,100.153164,105.160925,101.718567,101.132705,99.3660421,95.3751808,100.835791,100.366474,99.5533138,99.9806751,102.937358,100.288358,101.169329,101.905919,100.579436,99.4745862,93.6613025,102.316762,102.675151,147.642648,113.718987,100.199059,92.6488893,113.379654,115.436575,110.170266,129.437695,97.7072139,102.665351,106.37781,102.125884,112.951254,107.970269,153.469216,125.513077,135.773405,125.351445,102.026556,125.765794,115.50808,116.275804,102.718533,131.662626,107.268385,147.083371,182.108731,152.969773,138.6693,122.864093,118.834438,96.1527555,116.374331,114.096102,163.61837,105.071255,102.143575,104.762448,103.213868,100.77975,99.2878319,103.004824,101.757029,100.915545,100.356671,103.126153,101.319177,101.546905,99.6052984,102.713436,103.692243,99.7679966,113.204722,100.606717,100.086299,100.224704,99.3315341,101.690761,101.146523,101.713727,100.507439,102.772659,103.066745,101.294532,104.637261,100.428979,99.8804396,94.709055,99.5500456,99.9422288,100.391859,99.3955705,100,100.163527,100.003367,101.802683,99.7680466,101.002664,98.3644551,100,101.768185,101.516491,101.477522,100.028291,101.132298,99.8521477,100,100.395014,100,99.5731971,100.912799,101.109104,100.361789,101.648182,100.641724,99.2481599,101.270137,100,99.9327897,100,101.626078,99.7691242,99.8030606,97.8489659,100.130328,99.9587921,100,100,100,98.8735906,100.519166,99.6588162,100.057402,102.527148,102.36292,101.158657,99.6953029,100,104.10553,100.514595,101.71071,101.460043,101.155367,99.4010853,102.282837,99.6247446,99.9183722,100.551088,100.790018,100.263639,100,101.18288,98.8445115,100.853184,101.099626,100.596442,99.9416065,100.656377,98.1725181,99.3070856,99.6881912,99.5370935,100.174653,101.572252,100.03277,102.962057,100,104.960982,87.559654,89.9775371,101.438616,101.40455,100.230528,99.3059463,98.8179109,100.728135,99.7083507,100,100.308808,100.059966,100,101.406117,99.6667433,96.7732663,99.2988141,97.7686893,97.1380687,98.8274536,101.633224,100.380595,103.19837,101.907078,99.9290732,100.941025,100,101.146335,99.9777432,100.274416,98.9088153,98.6976038,101.952149,99.6122274,100.090237,100.46508,102.613956,99.5575451,102.086385,100.509415,98.3421946,99.5035684,99.6677957,99.6679181,100.358766,102.078319,99.4059014,100.08804,100.41252,100.342953,100.374539,100.35772,98.2368948,100.050967,100.205724,99.8353921,100.039089,101.481892,101.108942,101.8411,101.894937,101.517828,100.192513,100.264339,100.468439,99.9984947,100.36647,99.9914906,100.540195,100.802719,100,100.004174,100.02365,100,100.154425,100.21561,99.4148432,101.51169,103.540128,100.441629,100,100,99.2548317,102.680212,100,100.95669,100.639914,101.297889,101.665158,99.9114489,100.546024,100,100,100,100,100,100,100.857334,100.163791,101.399707,101.686017,101.311987,100.049631,100,100.975837,98.4137055,100.080861,99.310043,100.111378,100.133885,100.632777,100.456762,100.017584,95.0052417,108.730373,100.529104,98.8277104,104.359094,102.89186,100.073838,100.519916,100.101101,100,101.38354,100.432406,100,100,100,100.154225,100,105.224875,100.393015,101.104485,101.915801,81.4116258,100.194219,99.5543375,100.761101,98.5479528,102.937796,98.6005136,98.2330976,99.6218709,99.1069247,100,101.745485,99.4713795,100.886982,99.7031496,99.8491431,100,97.6461937,98.7334768,100.837637,100,100.350167,99.6498045,100,100.151011,99.6983665,102.114376,100.93781,100.485536,99.0991954,100.53086,101.586691,101.770138,100.341054,100.093789,102.054143,101.831555,99.3034548,100.00546,99.8148139,100.513523,100.050254,103.596879,101.556274,101.328557,101.717472,99.676923,100,100.092597,100,103.063456,99.7006627,100,101.94631,100.437692,101.928599,101.436985,102.051863,101.557365,103.540102,99.8442472,100.720709,100.802788,100.531315,103.892515,103.378695,105.193445,101.386513,101.878187,101.307759,104.864018,100.123367,104.713573,100,100,100,107.755516,101.355581,103.128636,100.624466,99.5031505,101.689193,99.8841926,99.291861,100.318441,98.2733489,100.621661,99.6453054,101.445318,100.031569,100.891117,100.042126,102.040876,102.986698,101.09071,100.486153,100,100.486078,101.705457,101.262111,100,99.8082986,100.063512,100,100,100.042736,100.909935,100,100,100.169786
2024-08-01,105.036228,101.167442,98.8821338,101.96098,99.2753895,98.3565484,99.2325989,101.149515,99.0670161,100.859904,102.314877,100.708615,104.927324,101.618378,99.6113351,97.5212592,99.0692992,100.552531,101.478801,103.470761,100.327408,101.401562,100.277915,104.823285,102.308929,98.110459,100.52822,104.846607,102.180239,99.9310176,98.7724613,94.9540968,100.677341,100.810403,100.354143,100.293561,103.512373,101.157441,100.469055,101.850576,100.695006,99.2613857,94.7093036,101.652578,101.696437,142.030699,114.918228,100.544484,92.6488893,113.308209,116.130418,102.345221,125.834025,99.5756052,93.6754974,105.561489,102.573479,110.352148,106.263496,145.651178,116.13374,128.12408,126.20135,100.209456,120.220764,127.917839,109.251742,98.5162047,141.886317,106.607837,140.222816,162.315425,130.648645,120.361483,151.122942,114.862404,93.7703688,112.104026,115.584918,152.773282,106.904407,102.277776,104.869428,105.282098,101.290586,99.5665942,103.514466,101.869937,100.810509,100.521547,103.571418,101.787065,100.785401,99.4552742,101.75737,102.999386,99.3719801,112.807699,101.300883,99.7898004,100.439663,99.7661131,103.097698,101.620502,101.080778,101.489422,102.799054,103.324097,101.938519,105.305334,100.510828,101.422178,96.0510426,99.2346283,100.311382,100.32339,99.8534193,101.331922,100.435374,100.008187,102.305877,99.5167601,100.943009,98.1587674,100,101.749811,101.564097,101.337192,99.8528198,101.15563,99.9043702,99.8664279,100.388547,100,100.605761,101.659403,100.656785,100.603313,101.879087,100.077923,99.2222131,101.371332,100,100.2071,100,101.684028,100.108744,100.158015,97.6495435,100.070693,99.6601637,100,100,100.113821,98.8721905,100.519166,99.6588162,100.265783,102.527148,102.857399,101.279955,99.7360605,100.051437,104.293436,100.514595,101.71071,101.525579,101.155367,99.4010853,102.15787,100.083083,99.9183722,100.551099,100.774625,100.093154,99.9873134,101.465954,98.8445115,100.896095,101.149133,100.549447,99.9927175,100.66857,98.1299332,98.8137634,99.8720456,99.5793224,99.5241462,102.467542,100.03277,102.975919,100,104.960982,87.2196586,89.9624797,101.608056,101.171895,100.482173,99.8642907,98.7586394,101.165533,100.189495,102.932523,100.308808,100.059966,100,101.172746,99.6281674,97.1866414,99.4912765,98.2361429,97.1767239,98.9466178,102.207747,100.807556,103.401091,102.44916,100.476337,100.857961,100,101.000997,99.9610024,100.443676,99.7685686,97.7306271,101.80838,99.5410544,99.9989844,100.486598,103.236467,99.8428058,101.693224,100.504163,98.9270105,99.4226344,99.6322783,99.3898436,100.465764,102.078319,99.7096375,99.0441993,101.091122,100.487055,100.844335,100.435978,98.0408676,99.3523522,100.536062,100.801726,100.413669,101.683208,101.461313,101.995899,101.943299,101.739372,100.328571,100.306436,101.030835,102.273598,100.606463,99.9914906,100.540195,100.802719,100.004166,100.004174,100.094177,100,100.435838,100.21561,99.3037116,101.759133,103.296842,100.389221,100,100.283998,99.2548317,102.973672,100,106.553849,100.823227,101.297889,102.117859,99.9773654,100.546024,100,100,100,100,100,100,101.23329,100.25536,101.400461,101.67535,101.406822,100.049631,100,100.541274,98.1745613,99.2239096,98.9142641,100.284297,100.078918,100.981064,100.79665,100.017584,92.9045496,108.396188,100.452876,99.8901903,104.359094,102.999182,100.248053,101.106257,100.11796,100.375389,101.773103,100.771449,100,100,100,100.27793,100,105.151561,100.517586,101.104485,102.121785,76.0192553,100.356878,99.7107989,101.10557,98.8766793,103.300103,98.9645967,98.5306532,99.9466133,99.1069247,100,101.804764,99.4713795,100.886982,99.7031496,99.7188378,100,97.9260112,98.9950641,101.0171,100.194103,100.319456,99.8193022,100,100.151011,99.6377561,102.13944,100.93781,100.485536,99.3480628,100.53086,102.011596,102.255546,100.341054,100.31614,101.777224,101.896156,99.1009471,99.9912811,99.9436616,100.475528,99.9777564,103.596879,101.556274,101.328557,101.717472,99.676923,100,100.250496,100,103.063456,99.7006627,100,102.730992,100.866818,102.862633,103.051442,102.894602,102.712572,104.238364,99.8442472,101.17727,101.015929,100.921179,104.363329,103.990905,105.466966,101.628844,102.187445,101.546586,106.295038,100.123367,104.70592,100,100,100,107.55924,101.355581,103.594488,101.135822,99.1741709,102.33845,98.3280446,98.3464367,99.58547,98.8456736,99.7465805,100.641406,101.444372,101.284228,100.904181,99.9139776,102.420691,103.288996,101.10756,100.486153,100,100.5494,102.266905,101.808381,100.357548,100.114101,100.063512,100,100,100.042736,100.897581,100,100,100.169786
2024-09-01,105.1261409,101.7550096,97.47254297,102.5417417,98.51902597,99.15638873,99.178236,101.604089,99.99320642,101.1740752,102.1572539,101.3584455,103.585125,101.4648644,99.90589741,100.2893302,97.66740823,100.5122676,101.2408484,103.2066516,99.49838648,100.7922905,100.1074025,103.7225729,102.19416,98.37644393,100.2848419,104.8549029,101.1918068,98.19965235,97.71341906,95.11505905,101.2945981,100.8329726,100.1018416,101.0975431,103.3646064,102.1042157,100.6130514,102.3217981,101.6622437,99.07716159,95.36515182,100.9562809,102.8434144,131.0541206,116.5697251,101.5304511,92.64888926,120.401013,119.6943185,97.68794162,125.6335576,100.8230869,96.4345221,104.2263498,102.8863078,109.8166956,105.6182576,131.0189234,105.2748731,113.8214681,100.4200791,99.55091392,111.6052289,124.9298253,102.3191997,94.05440565,117.1160374,100.3346449,131.9592807,148.792688,114.6942369,96.39615284,168.3203015,107.4867079,86.50387365,108.1937865,113.6631627,142.8520535,106.2692914,101.8787509,105.7205388,104.8184914,100.9368008,98.82329541,103.7847213,101.7298158,100.8487087,99.60972928,103.1050594,101.7444892,99.6462241,99.84750102,101.2582949,103.3721446,99.15123152,113.1562088,100.8816704,99.99578712,100.1599639,100.5162995,104.095797,101.6378724,100.5327494,101.660246,101.8201505,103.3071933,102.4418376,105.341687,100.7697312,103.0114327,95.58989111,99.40851024,100.1744221,100.317368,99.83913881,101.3319219,100.4789317,100.1364326,102.591486,99.51676008,101.0173213,98.29135458,100,101.8890755,101.6434552,101.6025906,99.85281981,102.1314281,100.4672147,99.86642787,100.5577882,100,101.2471541,101.5579245,100.6185933,100.0522593,101.9121641,100.0725137,99.07078597,101.335565,100,100.2021192,100.2967109,101.9375738,100.1325725,100.4165612,97.64954353,99.71726185,99.43683357,100,100.7605011,99.87537508,98.75196165,101.3061349,99.29535285,100.2311299,102.9623233,102.7042567,101.3182184,99.73606046,100.3498128,104.3977924,100.514595,101.3741951,101.5450273,101.1553666,99.40108535,102.189823,99.87481958,99.83455599,100.7011044,100.7746248,99.94719894,100.1448523,101.1880522,98.84451154,101.1083047,101.4358694,100.5015556,99.95705444,101.1955304,97.71113877,98.90092716,99.88861253,99.54766124,99.63132712,104.0868566,100.0327696,102.9746802,100,106.5617072,87.23452998,89.94278892,101.9222219,101.675734,100.1952843,99.6686882,97.86633819,101.1406236,100.4049156,102.2589245,100.2840285,99.99454379,100,100.8267401,99.55448197,97.34950731,99.0306121,98.12161006,96.74887012,98.80636605,101.6146449,100.960422,103.5726774,102.2467236,100.197614,100.8579612,99.67182284,100.8642792,99.30374395,100.7485331,99.92486785,97.10674449,101.5363957,99.91019231,99.97408191,101.1158959,103.2375652,99.99403523,101.6688839,101.050329,99.27793325,99.48663807,99.59511286,99.38154429,100.4657638,102.3279926,99.78601888,99.05595447,101.1564454,100.3395931,101.7884075,100.4308799,98.03972027,99.41732458,100.6110537,100.8100917,100.1867048,101.7755909,101.388265,102.0975805,101.9407362,102.0595988,100.3307932,100.2503198,102.2996176,102.2749718,100.5283965,99.99149064,100.5401945,100.6830568,100.0041659,99.81453716,100.0941766,100,100.436888,100.3085031,99.18030342,102.6641261,103.3800726,102.0605347,100,100.2839983,99.2548317,102.973672,100,106.5538489,102.6743647,101.2978891,102.7693241,100.0179242,100.5460242,100,100,100,100,100,100,101.212329,100.6017759,102.1318513,101.6681332,102.9250802,100.7623642,101.7608256,102.0911991,97.80136004,100.6156872,99.1829648,99.85654046,100.7271638,101.1539513,101.0145964,100.1697728,89.34971652,101.7456066,100.9227419,100.6373596,105.0911518,103.2572236,100.8933691,101.095519,100.1179598,100.375389,101.8085736,100.8355173,100,100,100,99.68518867,100,106.08758,100.384108,101.1044855,102.3701438,86.98079615,100.5202331,100.6221271,101.1638805,98.74532867,103.0129745,98.19121107,98.73844193,100.2502504,99.10692469,100,101.8024745,99.47137949,100.9325108,99.70314961,99.69789939,100,97.03384296,99.31952462,101.0171003,100.2188029,100.3551833,99.2802323,100.0287777,100.151011,99.34172959,102.4265505,100.93781,100.4855355,99.59470347,100.4932363,101.6021798,102.1768591,100.3410541,100.4196272,101.7322678,101.896156,98.67214668,99.83580732,99.61891263,100.9805523,100.2170531,102.4507455,101.5562735,101.328557,101.7174717,99.67692295,100,100.3356771,100.1057175,103.0634564,99.70066272,100,103.0227009,100.7113166,103.2473389,103.0490257,103.3832415,104.5979514,104.5168523,99.84424721,102.0047243,101.3494617,101.1864198,104.8646301,104.1829022,105.6101373,101.6791147,102.6703888,102.2514763,106.1227542,100.5258882,105.4329068,100,100,99.55385054,106.9704121,101.3555807,103.2529828,101.3086956,98.74105373,101.7354314,99.19475495,97.4297713,99.57578192,98.45195256,99.4769238,103.3176318,102.4930197,101.4140877,101.3242322,100.0252819,103.0239357,104.153172,101.4022284,100.629299,100,101.3443134,103.2335015,102.771564,100.4415641,100.1141013,100.4140701,100,100,101.6395126,101.7424541,100,100,100.1697856
2024-10-01,104.5755495,100.2957793,96.96979906,101.7749512,99.14916811,99.24045929,99.18540326,100.9248097,99.31688566,100.8763583,101.7215235,101.1900539,103.2831325,101.2203584,98.65280625,98.45782143,98.38699116,100.9236682,101.7213892,103.9413519,101.8588342,100.8073875,99.32873267,103.5571159,102.5089386,100.0355389,103.7914744,104.5693085,101.893379,98.11878427,96.95038706,95.47966878,102.9619335,104.6449687,100.4230709,101.3608855,103.4960927,101.2531574,100.8423479,102.4551126,102.2776794,99.10390178,96.0965739,100.8995703,102.6486339,129.7386361,118.750733,104.8387016,92.64888926,129.9757137,122.8317307,98.87787164,125.9496769,100.6444871,96.73731413,107.1273701,104.7603193,112.5423173,117.5804693,128.6981513,106.2961873,113.3039401,109.0741422,101.5616835,111.4926458,124.0110271,102.8152419,94.63310644,118.3686439,106.1781619,129.1583267,145.9437225,118.284716,102.9258731,163.483868,110.4539329,86.72430504,111.142708,114.0219376,137.8763245,106.5073699,102.5483817,105.4565168,104.6016724,100.2286739,100.7827577,104.9414493,101.7643894,103.1431135,100.3145803,103.3465516,101.7706303,99.65869122,99.52674176,101.3609432,103.075354,99.90566249,113.3626029,100.3329172,99.63738572,100.5866631,102.1663694,103.5512541,101.9986161,100.6157665,101.700823,101.3222511,103.9262331,102.5441225,105.7870769,100.9089548,103.9074508,95.06760352,99.73848554,100.9240877,101.8355423,100.3295889,101.3319219,100.8304711,101.6567135,103.6289829,102.678305,101.1835637,98.45544198,100.2958085,102.4649595,102.5382435,102.0294836,99.85281981,102.5249736,100.4646903,100.0794747,100.9977867,100.7452489,100.7763395,101.4260707,101.3640483,100.6751607,102.0867435,100.4643817,99.31441165,102.8603433,100.7283834,102.9206227,100.4241924,102.776198,101.9082329,100.8424439,97.64954353,99.94702516,100.0014172,100.2966125,101.845272,99.87537508,100.3601014,101.4299603,99.70204774,102.682202,105.8186904,102.8177184,101.4963212,99.74218072,100.0116092,105.7050035,100.6885426,102.1741814,103.5329312,101.3890305,99.47993954,103.7405344,101.3047325,99.89416991,100.7439534,101.5979042,100.5993793,100.2966457,101.1082164,98.84465213,101.2813564,101.5397036,100.494938,99.98074922,101.2667616,97.64802774,99.44557182,101.5716839,99.04315239,99.92582448,104.1882095,100.0327696,102.9746802,100,115.8828268,87.23452998,89.94454983,104.1175943,104.65855,99.89224506,101.4208861,97.50680588,101.2442226,101.5934994,102.2589245,99.91656919,101.6217171,100,100.9879086,99.51634617,99.04948834,100.6253015,99.3156023,97.63716521,101.111757,102.3733358,101.8109263,117.6871952,103.4447419,100.4423203,101.019469,99.67892103,101.0266945,99.29616916,101.6374927,101.312319,96.60484667,100.0922923,99.29167381,100.6815336,101.1411733,104.4715971,100.0546575,101.6861783,100.9854031,100.1743571,99.75990293,96.48683217,95.64167288,77.04947167,102.527281,101.1100355,98.20203728,101.6195092,101.0003414,102.0385348,101.1730748,96.95265523,98.57494538,98.69210711,100.5735007,100.2250674,104.6468289,101.9143046,103.8434272,102.4169822,102.7329784,103.0615872,101.8553233,102.5120187,102.6573199,99.39892309,100.2381358,100.5401945,100.5759088,100.0330017,99.81453716,100.0941766,100,100.720258,100.1714615,102.8329157,103.3937926,104.2961826,102.1650936,100,100.2839983,99.2548317,103.3678705,100,106.7019588,103.2012742,101.2978891,103.0320802,100.4232936,100.5460242,100,100,100,100,100,100,101.5353211,100.9617189,102.1916055,101.6323175,103.3505324,100.8110828,101.7608256,101.0221127,97.13999004,100.1966796,99.25055744,102.203679,100.6915421,101.2326433,102.4460726,100.2269232,89.38987205,99.96451253,100.9365847,101.4880227,109.4437181,103.6431817,101.4105192,103.0544028,119.6319176,100.375389,102.1011874,101.1892788,100,100,100,99.82361694,100,106.2283651,100.3842895,101.1044855,103.3677574,105.1496782,101.493063,102.0167754,101.3296069,99.8474559,102.8386616,99.08962011,100.7725569,101.3467348,99.10692469,100,101.8024745,99.45981763,102.0098744,99.83253248,99.64786491,100,96.31439929,100.9007747,102.7631354,100.6767685,103.1095689,99.2797965,100.1885537,100.3275485,97.8723127,102.37901,101.1824091,88.64102299,99.47164824,100.9256004,101.5974289,104.0130475,100.3410541,100.7503717,102.4400511,102.0346024,99.03672471,99.83931839,100.6020922,100.9805499,100.1566364,102.4507455,101.5562735,101.328557,101.7174717,99.67692295,100,101.5844693,100.1057175,118.6583845,99.70066272,100,103.7945878,101.8338061,103.6647847,103.9973259,103.8291661,106.3260728,104.7916363,99.84424721,102.2567531,101.4542499,101.9929167,105.6318485,104.6616686,106.0739731,102.3637388,103.1697307,102.4921049,110.0605216,100.7209643,107.1925271,102.2265789,100,98.95647695,106.9704121,101.3555807,103.8364237,101.9170304,99.9611314,101.154292,100.2381971,97.71985179,100.3232087,99.17998304,99.86623755,107.0504578,102.4481713,101.7801821,102.4572109,100.8652639,104.1425981,104.5135566,103.6040078,101.0962846,100.7653077,103.9612437,108.0368186,102.5525622,100.9261437,101.8422842,100.2506689,100,100,101.6395126,105.2070306,100,100,101.0588567
2024-11-01,104.0179142,98.06101795,95.59022052,101.3255157,98.40881266,98.60309886,98.95415874,100.1349742,98.99799982,100.5543634,101.5253681,100.8306531,102.6321979,100.4447606,97.24244695,96.50666807,99.59907062,101.3596361,102.2844034,103.9181848,101.8490645,101.2242092,99.68108645,103.6974072,102.7150562,101.1418186,105.4988288,105.0995862,102.4045714,97.95209743,96.73539488,95.97314693,102.937676,103.7872978,100.0235315,101.7229954,102.9969452,101.5324625,101.1588904,102.7095541,101.9979737,99.02514537,96.72219614,100.309067,101.8547189,127.382189,121.8951237,102.5792022,93.3146676,132.2868451,122.6867288,95.55293213,129.3731527,100.2068066,96.73731413,109.3776032,103.9351498,110.8565656,117.9885766,122.5108366,103.8717193,112.9180275,109.6478281,99.69966955,117.5049863,114.6411853,106.1653736,94.74034856,114.2904327,106.7156659,123.1925228,146.1797361,114.5839488,105.7728566,147.4412748,110.4674704,87.07911805,116.4173582,112.0103596,133.5313458,106.2478573,102.2531924,106.292003,104.9268869,100.0597431,102.2446449,105.3442944,105.4165064,103.198691,98.78453276,103.2856984,101.2241528,99.76578993,99.38765041,101.550792,103.8854229,99.82388352,113.1656468,100.2683013,99.6076756,102.055128,103.6668627,103.7025706,102.8598079,102.890657,101.6947511,101.5289278,104.3179284,102.6983357,105.4989071,100.8607911,104.132735,96.06980173,100.3362291,100.8491014,101.8523896,100.4275238,101.44918,101.0112372,101.5646323,103.3480796,102.684153,101.2477196,98.45544198,100.2958085,102.5738532,102.5811984,102.0543197,99.85281981,102.3986037,99.86690656,100.0794747,100.9872737,100.7452489,100.7900393,101.3257959,101.3748635,100.6292595,101.9096942,100.3561636,99.24357243,102.8589498,100.7283834,102.9206227,100.4542939,103.096745,101.7712634,100.8253491,97.64954353,100.2405086,100.145814,100.2966125,101.845272,99.97237842,100.3601036,101.2794461,99.70204774,102.698441,105.8837738,103.0120143,101.3157451,99.76777431,99.90356619,105.5680739,100.928772,102.1957205,104.154277,101.0986471,99.47993954,103.4898182,101.1286665,99.35540975,101.1619056,101.5979042,100.578182,100.2966457,101.1528426,98.92197403,101.4646461,101.4248095,100.3153478,99.90530753,101.1796139,97.63715509,98.40887131,101.9984197,98.95372454,100.2901475,104.4322342,100.0327696,102.9746802,100,116.4043839,86.74861077,89.94453584,105.5169244,105.7508144,99.89947414,101.2265961,97.02337536,101.5271572,100.8483694,100.6845166,99.70862395,101.6999655,100,100.8942552,99.51634617,98.12281557,100.1223744,98.96458537,97.79855589,101.2531533,101.9974697,102.0613313,117.5834566,103.4994753,100.0391862,101.019469,99.67892103,100.6787806,99.41536586,101.8854642,101.8909878,96.0572866,99.52715206,99.39012543,99.82300228,100.9605329,104.5369507,99.62967703,102.8442303,100.4039985,101.3231778,99.77351482,96.66174668,95.94380559,77.04947167,103.0834149,101.0451277,98.3036726,101.8401532,100.9688791,102.2169524,101.3355167,97.00153923,99.00742796,98.50949417,100.732864,100.2811013,104.6141393,102.1715162,104.1419535,102.3411607,104.5213091,103.1124083,101.8165657,102.6449594,102.9590272,99.45518928,100.2381358,100.6606819,100.5544464,100.0522067,99.82846718,99.54416959,100,100.7856351,100.280211,102.5428879,103.5368575,104.3107007,102.1650936,100,100.2839983,99.2548317,104.4389749,100,107.0216269,103.1487018,101.4975003,103.0276078,100.3639577,100.6248556,100.0020477,100,100,100,100,100,101.5033089,100.8913147,102.2025136,101.6886604,103.3505324,100.8109756,101.7608256,99.71118118,96.60759398,99.29971987,99.27199518,102.5401346,100.7655163,101.4134507,101.9550144,100.5503061,87.59056201,96.86732742,100.945515,101.4409652,109.4999339,103.6383389,101.4409333,103.1463956,119.7176709,100.375389,102.1011874,101.6057704,100,100,100,100.0439439,100,106.9615914,100.5664204,101.1044855,103.3677574,122.5984406,101.4346204,101.6168862,100.771254,100.0367519,102.7587042,98.44253745,100.3170821,101.1557887,99.61428835,100,101.8024745,99.86381608,102.0731674,100.1985383,99.64700282,100,95.47427824,101.0033533,102.5480692,100.5121337,103.0042408,99.09583778,100.1885537,100.3742065,97.01914122,102.7779741,101.211837,88.64102299,99.43565981,101.10385,101.1451132,104.0639369,98.49461792,100.8490562,102.0926754,101.7781227,98.9663313,99.67370502,100.4717507,101.1467955,100.0069228,103.1429766,101.5562735,101.328557,101.7174717,99.67692295,100,102.1328144,100.3456689,118.7671716,99.70066272,100,103.8465589,101.8338061,103.8675968,103.5373481,104.070652,106.3123293,106.8837037,99.84424721,102.2458229,102.0387236,102.0352892,105.7159152,105.0089121,106.1077609,102.5100245,103.297238,102.4825391,110.5400316,100.8990576,106.8712811,102.2265789,100,98.95647695,107.55924,101.592716,103.7964947,101.265893,99.25198704,100.576099,100.6964234,99.64101012,100.4324959,99.55250829,100.7355703,107.4354459,101.938246,101.8436139,102.4446948,101.1753445,104.8808814,105.0052691,103.641853,100.6816724,100.7653077,103.9612437,108.2203357,102.7435985,101.0722179,101.7882942,100.2688189,100,100,101.6395126,105.8179977,100,100,101.3015496
2024-12-01,103.62575,95.11338254,96.191264,100.7379746,98.49223935,99.703113,98.660529,100.1909564,99.31966611,101.2849512,102.1797252,100.476161,102.092287,100.062837,97.1123975,96.3072302,101.848507,101.229267,102.723987,104.028559,101.804737,100.575034,100.562035,103.709381,102.224201,101.140459,105.608228,105.352998,103.527866,97.6775081,97.0421409,95.8857819,103.311793,102.609845,100.058506,103.090284,102.761648,101.672618,101.429921,103.990541,102.993713,98.4149305,97.2984121,100.899523,100.940062,121.997386,123.269718,102.319512,93.3146676,127.58746,121.844548,94.3413287,128.606219,99.7610212,96.7373141,111.933938,105.311051,110.028167,125.405491,123.978196,102.417354,113.779449,106.981975,97.1941878,120.842616,113.075097,114.46038,97.404504,111.5046,108.419834,131.349874,146.704068,113.280188,114.116252,139.515979,109.754472,88.4250252,124.810081,111.638627,132.854488,105.752816,102.135125,107.047835,105.223124,100.400291,101.389469,107.694108,117.886298,103.25353,99.770028,103.578152,101.210841,99.6354869,99.6650084,102.118564,103.499347,98.9682018,112.911748,100.456051,99.6404287,102.12584,110.363239,103.803456,103.079662,102.481409,102.106557,100.757155,104.637931,102.354759,105.822095,101.193197,104.652741,95.0269101,101.660251,100.924251,102.013432,101.874999,101.518285,100.953475,102.396839,103.770415,102.847997,102.046171,98.4207206,100.470377,102.504458,102.484878,102.134102,100.426446,103.306383,100.109259,100.512898,101.323791,101.0552,100.992609,101.671626,101.729314,100.684912,101.82442,100.232487,99.6080477,103.336521,100.650288,103.450924,100.689472,103.472601,101.88218,100.740297,97.6495435,100.293432,99.9715585,100.296612,101.845272,100.145706,100.976482,101.279446,99.9571032,102.989707,105.912744,103.218116,101.842618,99.8348189,99.9026381,105.795248,100.951684,102.29461,104.149886,101.152246,99.5740372,103.484096,101.120586,99.3554098,101.246453,101.597904,100.573658,100.296646,101.047583,98.921974,101.87273,101.432441,100.261273,99.8992564,101.245793,97.761689,98.3390549,101.99842,98.9537245,100.37986,104.432234,100.946107,102.97468,100,117.013433,86.7885368,89.9647218,105.620306,107.149347,103.069597,101.161533,97.32219,101.366555,100.720011,100.594763,99.7086239,101.757949,100,101.009096,99.4168326,97.7914573,100.074382,98.849905,97.3735021,101.147948,102.074021,102.066323,117.797802,103.371091,101.343745,101.041755,99.6916069,100.638902,99.3422776,102.258347,101.689875,95.6612375,99.1889341,99.1333729,100.129171,100.920315,104.557115,99.2579164,102.837242,100.35579,101.472605,99.7920707,96.6318612,95.9602848,77.0494717,103.110393,101.266338,98.3007683,101.81224,101.071854,102.203402,101.336214,97.1446728,99.007428,98.5883511,100.600722,100.295195,104.695309,102.196148,103.935073,102.341127,104.712391,103.260501,101.96018,102.89328,103.156455,99.3160019,100.226677,100.660682,100.697061,100.052207,99.8293544,99.3749981,100,100.706336,100.451402,102.324968,103.322173,104.875788,102.434723,100.024405,100.283998,99.2548317,104.698119,100,107.169647,103.589293,102.227852,103.099748,100.454825,100.624856,100.002048,100,100,100,100,100,101.503309,100.932838,102.171405,101.909807,103.350532,100.810976,101.760826,99.5516962,96.1448552,99.4725481,98.1564378,102.764186,101.007851,101.267711,102.067899,100.8135,86.2256487,95.6661037,100.963729,101.091212,109.642861,103.70306,101.986111,103.903886,119.996864,100.375389,102.246448,101.60577,100,100,100,99.9779464,100,107.750707,100.563202,101.104485,102.989506,101.569599,101.271987,101.780729,100.657846,99.9258632,102.565926,98.1315009,99.771882,100.996405,99.5859644,100,102.028269,99.8638161,102.073167,100.330525,99.3926859,100,95.2636186,101.019549,102.609646,100.494251,103.179618,100.162683,100.188554,101.002469,97.3426401,103.762768,100.994094,88.641023,99.2752258,100.933671,101.093475,103.780286,98.4762376,100.832132,101.734237,101.908881,98.7553263,99.6925668,100.36837,100.729423,100.434875,103.142977,101.556274,101.328557,101.717472,99.676923,100,102.293331,100.345669,118.767172,99.7006627,100.316124,104.018783,101.833806,104.064301,104.011209,104.192783,106.814789,107.309475,99.8442472,102.36991,102.226033,102.2314,105.994389,105.404244,106.875234,102.9228,103.768359,102.790566,110.824839,101.071983,106.903392,102.226579,100,99.0181258,107.55924,101.592716,103.617455,99.7153335,99.5530599,99.9528078,101.149355,99.6032388,100.981802,99.5014958,100.991737,107.660495,101.203865,101.432369,102.420266,101.096201,105.075977,104.921728,103.86711,100.871247,101.793634,104.449848,109.021185,102.917057,103.133661,102.182989,100.09403,100,100,101.938329,106.513288,100,100,101.499987